District,PrimaryType,IDcount
1.0,ARSON,67
1.0,ASSAULT,9857
1.0,BATTERY,22530
1.0,BURGLARY,4012
1.0,CONCEALED CARRY LICENSE VIOLATION,2
1.0,CRIM SEXUAL ASSAULT,452
1.0,CRIMINAL DAMAGE,12606
1.0,CRIMINAL TRESPASS,18925
1.0,DECEPTIVE PRACTICE,20462
1.0,GAMBLING,88
1.0,HOMICIDE,81
1.0,HUMAN TRAFFICKING,3
1.0,INTERFERENCE WITH PUBLIC OFFICER,281
1.0,INTIMIDATION,185
1.0,KIDNAPPING,71
1.0,LIQUOR LAW VIOLATION,347
1.0,MOTOR VEHICLE THEFT,5296
1.0,NARCOTICS,11628
1.0,NON - CRIMINAL,1
1.0,NON-CRIMINAL,8
1.0,OBSCENITY,14
1.0,OFFENSE INVOLVING CHILDREN,467
1.0,OTHER NARCOTIC VIOLATION,8
1.0,OTHER OFFENSE,11695
1.0,PROSTITUTION,624
1.0,PUBLIC INDECENCY,18
1.0,PUBLIC PEACE VIOLATION,1733
1.0,ROBBERY,5656
1.0,SEX OFFENSE,738
1.0,STALKING,150
1.0,THEFT,101724
1.0,WEAPONS VIOLATION,590
2.0,ARSON,270
2.0,ASSAULT,20400
2.0,BATTERY,61374
2.0,BURGLARY,15637
2.0,CRIM SEXUAL ASSAULT,1229
2.0,CRIMINAL DAMAGE,30000
2.0,CRIMINAL TRESPASS,13329
2.0,DECEPTIVE PRACTICE,8753
2.0,GAMBLING,808
2.0,HOMICIDE,376
2.0,HUMAN TRAFFICKING,1
2.0,INTERFERENCE WITH PUBLIC OFFICER,439
2.0,INTIMIDATION,162
2.0,KIDNAPPING,239
2.0,LIQUOR LAW VIOLATION,268
2.0,MOTOR VEHICLE THEFT,13780
2.0,NARCOTICS,33988
2.0,NON - CRIMINAL,2
2.0,NON-CRIMINAL,5
2.0,NON-CRIMINAL (SUBJECT SPECIFIED),1
2.0,OBSCENITY,20
2.0,OFFENSE INVOLVING CHILDREN,1774
2.0,OTHER OFFENSE,18184
2.0,PROSTITUTION,3841
2.0,PUBLIC INDECENCY,7
2.0,PUBLIC PEACE VIOLATION,1250
2.0,RITUALISM,1
2.0,ROBBERY,13548
2.0,SEX OFFENSE,918
2.0,STALKING,124
2.0,THEFT,58545
2.0,WEAPONS VIOLATION,2594
3.0,ARSON,430
3.0,ASSAULT,22912
3.0,BATTERY,70290
3.0,BURGLARY,21849
3.0,CONCEALED CARRY LICENSE VIOLATION,3
3.0,CRIM SEXUAL ASSAULT,1419
3.0,CRIMINAL DAMAGE,36655
3.0,CRIMINAL TRESPASS,12407
3.0,DECEPTIVE PRACTICE,7797
3.0,GAMBLING,1045
3.0,HOMICIDE,538
3.0,HUMAN TRAFFICKING,3
3.0,INTERFERENCE WITH PUBLIC OFFICER,764
3.0,INTIMIDATION,195
3.0,KIDNAPPING,335
3.0,LIQUOR LAW VIOLATION,274
3.0,MOTOR VEHICLE THEFT,13868
3.0,NARCOTICS,32581
3.0,NON - CRIMINAL,1
3.0,NON-CRIMINAL,2
3.0,OBSCENITY,11
3.0,OFFENSE INVOLVING CHILDREN,2565
3.0,OTHER NARCOTIC VIOLATION,2
3.0,OTHER OFFENSE,22963
3.0,PROSTITUTION,1480
3.0,PUBLIC INDECENCY,5
3.0,PUBLIC PEACE VIOLATION,2129
3.0,RITUALISM,1
3.0,ROBBERY,15185
3.0,SEX OFFENSE,984
3.0,STALKING,161
3.0,THEFT,46654
3.0,WEAPONS VIOLATION,3620
4.0,ARSON,632
4.0,ASSAULT,27726
4.0,BATTERY,73387
4.0,BURGLARY,24710
4.0,CONCEALED CARRY LICENSE VIOLATION,3
4.0,CRIM SEXUAL ASSAULT,1512
4.0,CRIMINAL DAMAGE,47228
4.0,CRIMINAL TRESPASS,8046
4.0,DECEPTIVE PRACTICE,9564
4.0,DOMESTIC VIOLENCE,1
4.0,GAMBLING,580
4.0,HOMICIDE,570
4.0,HUMAN TRAFFICKING,2
4.0,INTERFERENCE WITH PUBLIC OFFICER,631
4.0,INTIMIDATION,270
4.0,KIDNAPPING,515
4.0,LIQUOR LAW VIOLATION,596
4.0,MOTOR VEHICLE THEFT,16794
4.0,NARCOTICS,32261
4.0,NON - CRIMINAL,1
4.0,NON-CRIMINAL,1
4.0,OBSCENITY,13
4.0,OFFENSE INVOLVING CHILDREN,3339
4.0,OTHER NARCOTIC VIOLATION,5
4.0,OTHER OFFENSE,24935
4.0,PROSTITUTION,1604
4.0,PUBLIC INDECENCY,4
4.0,PUBLIC PEACE VIOLATION,2600
4.0,RITUALISM,3
4.0,ROBBERY,14032
4.0,SEX OFFENSE,1078
4.0,STALKING,218
4.0,THEFT,57572
4.0,WEAPONS VIOLATION,4721
4.0,ARSON,580
5.0,ASSAULT,22825
5.0,BATTERY,63430
5.0,BURGLARY,17534
5.0,CONCEALED CARRY LICENSE VIOLATION,5
5.0,CRIM SEXUAL ASSAULT,1259
5.0,CRIMINAL DAMAGE,34547
5.0,CRIMINAL TRESPASS,6249
5.0,DECEPTIVE PRACTICE,5568
5.0,GAMBLING,579
5.0,HOMICIDE,517
5.0,HUMAN TRAFFICKING,1
5.0,INTERFERENCE WITH PUBLIC OFFICER,779
5.0,INTIMIDATION,223
5.0,KIDNAPPING,372
5.0,LIQUOR LAW VIOLATION,220
5.0,MOTOR VEHICLE THEFT,12204
5.0,NARCOTICS,29723
5.0,NON - CRIMINAL,3
5.0,NON-CRIMINAL,1
5.0,NON-CRIMINAL (SUBJECT SPECIFIED),1
5.0,OBSCENITY,12
5.0,OFFENSE INVOLVING CHILDREN,2361
5.0,OTHER OFFENSE,17838
5.0,PROSTITUTION,2516
5.0,PUBLIC INDECENCY,4
5.0,PUBLIC PEACE VIOLATION,1649
5.0,RITUALISM,2
5.0,ROBBERY,10514
5.0,SEX OFFENSE,854
5.0,STALKING,153
5.0,THEFT,37643
5.0,WEAPONS VIOLATION,4247
6.0,ARSON,488
6.0,ASSAULT,24808
6.0,BATTERY,72889
6.0,BURGLARY,23018
6.0,CONCEALED CARRY LICENSE VIOLATION,3
6.0,CRIM SEXUAL ASSAULT,1539
6.0,CRIMINAL DAMAGE,38594
6.0,CRIMINAL TRESPASS,9932
6.0,DECEPTIVE PRACTICE,12245
6.0,GAMBLING,843
6.0,HOMICIDE,623
6.0,HUMAN TRAFFICKING,1
6.0,INTERFERENCE WITH PUBLIC OFFICER,861
6.0,INTIMIDATION,206
6.0,KIDNAPPING,438
6.0,LIQUOR LAW VIOLATION,389
6.0,MOTOR VEHICLE THEFT,18644
6.0,NARCOTICS,36429
6.0,NON-CRIMINAL,1
6.0,OBSCENITY,13
6.0,OFFENSE INVOLVING CHILDREN,2775
6.0,OTHER NARCOTIC VIOLATION,2
6.0,OTHER OFFENSE,22978
6.0,PROSTITUTION,1674
6.0,PUBLIC INDECENCY,7
6.0,PUBLIC PEACE VIOLATION,2149
6.0,RITUALISM,2
6.0,ROBBERY,18520
6.0,SEX OFFENSE,1043
6.0,STALKING,239
6.0,THEFT,62366
6.0,WEAPONS VIOLATION,4270
7.0,ARSON,790
7.0,ASSAULT,28476
7.0,BATTERY,92023
7.0,BURGLARY,23154
7.0,CONCEALED CARRY LICENSE VIOLATION,11
7.0,CRIM SEXUAL ASSAULT,1770
7.0,CRIMINAL DAMAGE,41619
7.0,CRIMINAL TRESPASS,8012
7.0,DECEPTIVE PRACTICE,6759
7.0,GAMBLING,1538
7.0,HOMICIDE,775
7.0,HUMAN TRAFFICKING,2
7.0,INTERFERENCE WITH PUBLIC OFFICER,1157
7.0,INTIMIDATION,171
7.0,KIDNAPPING,344
7.0,LIQUOR LAW VIOLATION,372
7.0,MOTOR VEHICLE THEFT,15535
7.0,NARCOTICS,47026
7.0,OBSCENITY,14
7.0,OFFENSE INVOLVING CHILDREN,2332
7.0,OTHER OFFENSE,20095
7.0,PROSTITUTION,4193
7.0,PUBLIC INDECENCY,5
7.0,PUBLIC PEACE VIOLATION,2550
7.0,RITUALISM,2
7.0,ROBBERY,16071
7.0,SEX OFFENSE,1105
7.0,STALKING,122
7.0,THEFT,49254
7.0,WEAPONS VIOLATION,6159
8.0,ARSON,980
8.0,ASSAULT,25473
8.0,BATTERY,70858
8.0,BURGLARY,33293
8.0,CONCEALED CARRY LICENSE VIOLATION,18
8.0,CRIM SEXUAL ASSAULT,1445
8.0,CRIMINAL DAMAGE,64841
8.0,CRIMINAL TRESPASS,8398
8.0,DECEPTIVE PRACTICE,14872
8.0,GAMBLING,680
8.0,HOMICIDE,520
8.0,INTERFERENCE WITH PUBLIC OFFICER,721
8.0,INTIMIDATION,201
8.0,KIDNAPPING,536
8.0,LIQUOR LAW VIOLATION,758
8.0,MOTOR VEHICLE THEFT,25132
8.0,NARCOTICS,32911
8.0,NON - CRIMINAL,10
8.0,NON-CRIMINAL,6
8.0,OBSCENITY,48
8.0,OFFENSE INVOLVING CHILDREN,3080
8.0,OTHER NARCOTIC VIOLATION,4
8.0,OTHER OFFENSE,28237
8.0,PROSTITUTION,4628
8.0,PUBLIC INDECENCY,8
8.0,PUBLIC PEACE VIOLATION,3969
8.0,ROBBERY,16904
8.0,SEX OFFENSE,1746
8.0,STALKING,194
8.0,THEFT,83854
8.0,WEAPONS VIOLATION,4137
9.0,ARSON,819
9.0,ASSAULT,19816
9.0,BATTERY,58989
9.0,BURGLARY,20551
9.0,CONCEALED CARRY LICENSE VIOLATION,2
9.0,CRIM SEXUAL ASSAULT,1071
9.0,CRIMINAL DAMAGE,41766
9.0,CRIMINAL TRESPASS,7262
9.0,DECEPTIVE PRACTICE,8724
9.0,GAMBLING,631
9.0,HOMICIDE,556
9.0,HUMAN TRAFFICKING,1
9.0,INTERFERENCE WITH PUBLIC OFFICER,705
9.0,INTIMIDATION,233
9.0,KIDNAPPING,312
9.0,LIQUOR LAW VIOLATION,891
9.0,MOTOR VEHICLE THEFT,17355
9.0,NARCOTICS,32592
9.0,NON - CRIMINAL,4
9.0,NON-CRIMINAL,4
9.0,NON-CRIMINAL (SUBJECT SPECIFIED),2
9.0,OBSCENITY,32
9.0,OFFENSE INVOLVING CHILDREN,2160
9.0,OTHER NARCOTIC VIOLATION,1
9.0,OTHER OFFENSE,17930
9.0,PROSTITUTION,5120
9.0,PUBLIC INDECENCY,11
9.0,PUBLIC PEACE VIOLATION,3199
9.0,ROBBERY,10649
9.0,SEX OFFENSE,1396
9.0,STALKING,122
9.0,THEFT,55606
9.0,WEAPONS VIOLATION,4109
10.0,ARSON,658
10.0,ASSAULT,17385
10.0,BATTERY,57829
10.0,BURGLARY,11996
10.0,CONCEALED CARRY LICENSE VIOLATION,2
10.0,CRIM SEXUAL ASSAULT,981
10.0,CRIMINAL DAMAGE,28990
10.0,CRIMINAL TRESPASS,5206
10.0,DECEPTIVE PRACTICE,4689
10.0,GAMBLING,859
10.0,HOMICIDE,576
10.0,INTERFERENCE WITH PUBLIC OFFICER,488
10.0,INTIMIDATION,227
10.0,KIDNAPPING,209
10.0,LIQUOR LAW VIOLATION,1056
10.0,MOTOR VEHICLE THEFT,13610
10.0,NARCOTICS,40126
10.0,NON - CRIMINAL,4
10.0,NON-CRIMINAL,5
10.0,OBSCENITY,20
10.0,OFFENSE INVOLVING CHILDREN,1758
10.0,OTHER NARCOTIC VIOLATION,1
10.0,OTHER OFFENSE,17238
10.0,PROSTITUTION,2459
10.0,PUBLIC INDECENCY,1
10.0,PUBLIC PEACE VIOLATION,3565
10.0,ROBBERY,11090
10.0,SEX OFFENSE,938
10.0,STALKING,142
10.0,THEFT,39455
10.0,WEAPONS VIOLATION,3479
11.0,ARSON,580
11.0,ASSAULT,23229
11.0,BATTERY,79151
11.0,BURGLARY,12780
11.0,CONCEALED CARRY LICENSE VIOLATION,10
11.0,CRIM SEXUAL ASSAULT,1346
11.0,CRIMINAL DAMAGE,32358
11.0,CRIMINAL TRESPASS,7067
11.0,DECEPTIVE PRACTICE,8190
11.0,GAMBLING,1881
11.0,HOMICIDE,819
11.0,HUMAN TRAFFICKING,3
11.0,INTERFERENCE WITH PUBLIC OFFICER,1372
11.0,INTIMIDATION,166
11.0,KIDNAPPING,287
11.0,LIQUOR LAW VIOLATION,419
11.0,MOTOR VEHICLE THEFT,15475
11.0,NARCOTICS,111381
11.0,NON - CRIMINAL,2
11.0,NON-CRIMINAL,1
11.0,NON-CRIMINAL (SUBJECT SPECIFIED),1
11.0,OBSCENITY,15
11.0,OFFENSE INVOLVING CHILDREN,1988
11.0,OTHER NARCOTIC VIOLATION,3
11.0,OTHER OFFENSE,17834
11.0,PROSTITUTION,9539
11.0,PUBLIC INDECENCY,7
11.0,PUBLIC PEACE VIOLATION,2063
11.0,RITUALISM,3
11.0,ROBBERY,16568
11.0,SEX OFFENSE,838
11.0,STALKING,147
11.0,THEFT,44950
11.0,WEAPONS VIOLATION,4966
12.0,ARSON,468
12.0,ASSAULT,17513
12.0,BATTERY,48128
12.0,BURGLARY,15861
12.0,CONCEALED CARRY LICENSE VIOLATION,3
12.0,CRIM SEXUAL ASSAULT,899
12.0,CRIMINAL DAMAGE,36484
12.0,CRIMINAL TRESPASS,9894
12.0,DECEPTIVE PRACTICE,10187
12.0,GAMBLING,382
12.0,HOMICIDE,320
12.0,HUMAN TRAFFICKING,3
12.0,INTERFERENCE WITH PUBLIC OFFICER,368
12.0,INTIMIDATION,180
12.0,KIDNAPPING,156
12.0,LIQUOR LAW VIOLATION,1007
12.0,MOTOR VEHICLE THEFT,17366
12.0,NARCOTICS,23743
12.0,NON - CRIMINAL,2
12.0,NON-CRIMINAL,4
12.0,OBSCENITY,23
12.0,OFFENSE INVOLVING CHILDREN,1380
12.0,OTHER NARCOTIC VIOLATION,6
12.0,OTHER OFFENSE,15093
12.0,PROSTITUTION,3957
12.0,PUBLIC INDECENCY,2
12.0,PUBLIC PEACE VIOLATION,2611
12.0,ROBBERY,9799
12.0,SEX OFFENSE,1120
12.0,STALKING,148
12.0,THEFT,85587
12.0,WEAPONS VIOLATION,2238
14.0,ARSON,517
14.0,ASSAULT,13247
14.0,BATTERY,37653
14.0,BURGLARY,19027
14.0,CRIM SEXUAL ASSAULT,814
14.0,CRIMINAL DAMAGE,31267
14.0,CRIMINAL TRESPASS,4879
14.0,DECEPTIVE PRACTICE,8061
14.0,GAMBLING,121
14.0,HOMICIDE,219
14.0,INTERFERENCE WITH PUBLIC OFFICER,312
14.0,INTIMIDATION,132
14.0,KIDNAPPING,212
14.0,LIQUOR LAW VIOLATION,917
14.0,MOTOR VEHICLE THEFT,14731
14.0,NARCOTICS,14753
14.0,NON - CRIMINAL,1
14.0,NON-CRIMINAL,2
14.0,OBSCENITY,19
14.0,OFFENSE INVOLVING CHILDREN,1324
14.0,OTHER NARCOTIC VIOLATION,13
14.0,OTHER OFFENSE,12544
14.0,PROSTITUTION,4217
14.0,PUBLIC INDECENCY,5
14.0,PUBLIC PEACE VIOLATION,1555
14.0,RITUALISM,1
14.0,ROBBERY,9678
14.0,SEX OFFENSE,987
14.0,STALKING,115
14.0,THEFT,68518
14.0,WEAPONS VIOLATION,1629
15.0,ARSON,465
15.0,ASSAULT,16836
15.0,BATTERY,58268
15.0,BURGLARY,9285
15.0,CONCEALED CARRY LICENSE VIOLATION,5
15.0,CRIM SEXUAL ASSAULT,1114
15.0,CRIMINAL DAMAGE,23296
15.0,CRIMINAL TRESPASS,5302
15.0,DECEPTIVE PRACTICE,4748
15.0,GAMBLING,2010
15.0,HOMICIDE,488
15.0,HUMAN TRAFFICKING,1
15.0,INTERFERENCE WITH PUBLIC OFFICER,869
15.0,INTIMIDATION,108
15.0,KIDNAPPING,222
15.0,LIQUOR LAW VIOLATION,442
15.0,MOTOR VEHICLE THEFT,9437
15.0,NARCOTICS,75266
15.0,NON - CRIMINAL,1
15.0,NON-CRIMINAL,1
15.0,OBSCENITY,8
15.0,OFFENSE INVOLVING CHILDREN,1646
15.0,OTHER NARCOTIC VIOLATION,1
15.0,OTHER OFFENSE,16205
15.0,PROSTITUTION,2779
15.0,PUBLIC INDECENCY,3
15.0,PUBLIC PEACE VIOLATION,1754
15.0,RITUALISM,1
15.0,ROBBERY,11035
15.0,SEX OFFENSE,634
15.0,STALKING,74
15.0,THEFT,29237
15.0,WEAPONS VIOLATION,3401
16.0,ARSON,310
16.0,ASSAULT,10595
16.0,BATTERY,28872
16.0,BURGLARY,13158
16.0,CONCEALED CARRY LICENSE VIOLATION,16
16.0,CRIM SEXUAL ASSAULT,441
16.0,CRIMINAL DAMAGE,33103
16.0,CRIMINAL TRESPASS,6753
16.0,DECEPTIVE PRACTICE,10833
16.0,GAMBLING,135
16.0,HOMICIDE,70
16.0,INTERFERENCE WITH PUBLIC OFFICER,253
16.0,INTIMIDATION,123
16.0,KIDNAPPING,320
16.0,LIQUOR LAW VIOLATION,651
16.0,MOTOR VEHICLE THEFT,9974
16.0,NARCOTICS,10040
16.0,NON - CRIMINAL,5
16.0,NON-CRIMINAL,13
16.0,OBSCENITY,24
16.0,OFFENSE INVOLVING CHILDREN,1226
16.0,OTHER NARCOTIC VIOLATION,6
16.0,OTHER OFFENSE,23084
16.0,PROSTITUTION,401
16.0,PUBLIC INDECENCY,3
16.0,PUBLIC PEACE VIOLATION,1320
16.0,ROBBERY,3283
16.0,SEX OFFENSE,926
16.0,STALKING,120
16.0,THEFT,49060
16.0,WEAPONS VIOLATION,941
17.0,ARSON,361
17.0,ASSAULT,8956
17.0,BATTERY,28473
17.0,BURGLARY,13741
17.0,CONCEALED CARRY LICENSE VIOLATION,1
17.0,CRIM SEXUAL ASSAULT,627
17.0,CRIMINAL DAMAGE,26686
17.0,CRIMINAL TRESPASS,3861
17.0,DECEPTIVE PRACTICE,6562
17.0,GAMBLING,183
17.0,HOMICIDE,128
17.0,INTERFERENCE WITH PUBLIC OFFICER,262
17.0,INTIMIDATION,115
17.0,KIDNAPPING,221
17.0,LIQUOR LAW VIOLATION,708
17.0,MOTOR VEHICLE THEFT,12308
17.0,NARCOTICS,9862
17.0,NON-CRIMINAL,1
17.0,OBSCENITY,13
17.0,OFFENSE INVOLVING CHILDREN,1102
17.0,OTHER NARCOTIC VIOLATION,14
17.0,OTHER OFFENSE,12322
17.0,PROSTITUTION,951
17.0,PUBLIC INDECENCY,2
17.0,PUBLIC PEACE VIOLATION,1533
17.0,ROBBERY,5607
17.0,SEX OFFENSE,1009
17.0,STALKING,110
17.0,THEFT,44143
17.0,WEAPONS VIOLATION,1090
18.0,ARSON,98
18.0,ASSAULT,9222
18.0,BATTERY,32977
18.0,BURGLARY,9437
18.0,CONCEALED CARRY LICENSE VIOLATION,6
18.0,CRIM SEXUAL ASSAULT,759
18.0,CRIMINAL DAMAGE,20764
18.0,CRIMINAL TRESPASS,14547
18.0,DECEPTIVE PRACTICE,21408
18.0,GAMBLING,114
18.0,HOMICIDE,98
18.0,HUMAN TRAFFICKING,1
18.0,INTERFERENCE WITH PUBLIC OFFICER,449
18.0,INTIMIDATION,98
18.0,KIDNAPPING,115
18.0,LIQUOR LAW VIOLATION,842
18.0,MOTOR VEHICLE THEFT,6512
18.0,NARCOTICS,12673
18.0,NON - CRIMINAL,1
18.0,NON-CRIMINAL,10
18.0,OBSCENITY,9
18.0,OFFENSE INVOLVING CHILDREN,590
18.0,OTHER NARCOTIC VIOLATION,9
18.0,OTHER OFFENSE,9781
18.0,PROSTITUTION,4903
18.0,PUBLIC INDECENCY,22
18.0,PUBLIC PEACE VIOLATION,1368
18.0,RITUALISM,2
18.0,ROBBERY,6766
18.0,SEX OFFENSE,807
18.0,STALKING,109
18.0,THEFT,111719
18.0,WEAPONS VIOLATION,888
19.0,ARSON,236
19.0,ASSAULT,11298
19.0,BATTERY,35131
19.0,BURGLARY,20063
19.0,CONCEALED CARRY LICENSE VIOLATION,2
19.0,CRIM SEXUAL ASSAULT,1010
19.0,CRIMINAL DAMAGE,31039
19.0,CRIMINAL TRESPASS,10065
19.0,DECEPTIVE PRACTICE,18203
19.0,GAMBLING,151
19.0,HOMICIDE,128
19.0,HUMAN TRAFFICKING,1
19.0,INTERFERENCE WITH PUBLIC OFFICER,333
19.0,INTIMIDATION,136
19.0,KIDNAPPING,160
19.0,LIQUOR LAW VIOLATION,1020
19.0,MOTOR VEHICLE THEFT,10719
19.0,NARCOTICS,15219
19.0,NON-CRIMINAL,11
19.0,OBSCENITY,29
19.0,OFFENSE INVOLVING CHILDREN,865
19.0,OTHER NARCOTIC VIOLATION,21
19.0,OTHER OFFENSE,14616
19.0,PROSTITUTION,1952
19.0,PUBLIC INDECENCY,16
19.0,PUBLIC PEACE VIOLATION,1822
19.0,RITUALISM,1
19.0,ROBBERY,8799
19.0,SEX OFFENSE,1411
19.0,STALKING,135
19.0,THEFT,92106
19.0,WEAPONS VIOLATION,864
20.0,ARSON,108
20.0,ASSAULT,6163
20.0,BATTERY,18244
20.0,BURGLARY,6125
20.0,CONCEALED CARRY LICENSE VIOLATION,1
20.0,CRIM SEXUAL ASSAULT,407
20.0,CRIMINAL DAMAGE,13346
20.0,CRIMINAL TRESPASS,3616
20.0,DECEPTIVE PRACTICE,5294
20.0,GAMBLING,121
20.0,HOMICIDE,65
20.0,INTERFERENCE WITH PUBLIC OFFICER,141
20.0,INTIMIDATION,52
20.0,KIDNAPPING,97
20.0,LIQUOR LAW VIOLATION,453
20.0,MOTOR VEHICLE THEFT,4503
20.0,NARCOTICS,7875
20.0,NON-CRIMINAL,2
20.0,NON-CRIMINAL (SUBJECT SPECIFIED),1
20.0,OBSCENITY,7
20.0,OFFENSE INVOLVING CHILDREN,486
20.0,OTHER NARCOTIC VIOLATION,4
20.0,OTHER OFFENSE,8182
20.0,PROSTITUTION,489
20.0,PUBLIC INDECENCY,1
20.0,PUBLIC PEACE VIOLATION,1165
20.0,ROBBERY,3233
20.0,SEX OFFENSE,558
20.0,STALKING,59
20.0,THEFT,27320
20.0,WEAPONS VIOLATION,488
22.0,ARSON,284
22.0,ASSAULT,13808
22.0,BATTERY,36545
22.0,BURGLARY,13644
22.0,CONCEALED CARRY LICENSE VIOLATION,2
22.0,CRIM SEXUAL ASSAULT,718
22.0,CRIMINAL DAMAGE,26867
22.0,CRIMINAL TRESPASS,5094
22.0,DECEPTIVE PRACTICE,7749
22.0,GAMBLING,340
22.0,HOMICIDE,284
22.0,HUMAN TRAFFICKING,1
22.0,INTERFERENCE WITH PUBLIC OFFICER,397
22.0,INTIMIDATION,150
22.0,KIDNAPPING,472
22.0,LIQUOR LAW VIOLATION,315
22.0,MOTOR VEHICLE THEFT,9831
22.0,NARCOTICS,18048
22.0,OBSCENITY,17
22.0,OFFENSE INVOLVING CHILDREN,1943
22.0,OTHER NARCOTIC VIOLATION,1
22.0,OTHER OFFENSE,16150
22.0,PROSTITUTION,228
22.0,PUBLIC INDECENCY,2
22.0,PUBLIC PEACE VIOLATION,1417
22.0,ROBBERY,7551
22.0,SEX OFFENSE,696
22.0,STALKING,116
22.0,THEFT,39573
22.0,WEAPONS VIOLATION,2330
24.0,ARSON,224
24.0,ASSAULT,10448
24.0,BATTERY,31871
24.0,BURGLARY,11566
24.0,CONCEALED CARRY LICENSE VIOLATION,2
24.0,CRIM SEXUAL ASSAULT,697
24.0,CRIMINAL DAMAGE,24917
24.0,CRIMINAL TRESPASS,5675
24.0,DECEPTIVE PRACTICE,7416
24.0,GAMBLING,299
24.0,HOMICIDE,141
24.0,INTERFERENCE WITH PUBLIC OFFICER,407
24.0,INTIMIDATION,93
24.0,KIDNAPPING,196
24.0,LIQUOR LAW VIOLATION,617
24.0,MOTOR VEHICLE THEFT,7071
24.0,NARCOTICS,14927
24.0,NON-CRIMINAL,2
24.0,OBSCENITY,21
24.0,OFFENSE INVOLVING CHILDREN,1201
24.0,OTHER NARCOTIC VIOLATION,3
24.0,OTHER OFFENSE,13771
24.0,PROSTITUTION,1233
24.0,PUBLIC INDECENCY,4
24.0,PUBLIC PEACE VIOLATION,1033
24.0,ROBBERY,7369
24.0,SEX OFFENSE,822
24.0,STALKING,95
24.0,THEFT,42545
24.0,WEAPONS VIOLATION,1293
25.0,ARSON,1033
25.0,ASSAULT,22054
25.0,BATTERY,63989
25.0,BURGLARY,25272
25.0,CONCEALED CARRY LICENSE VIOLATION,2
25.0,CRIM SEXUAL ASSAULT,1267
25.0,CRIMINAL DAMAGE,43626
25.0,CRIMINAL TRESPASS,6735
25.0,DECEPTIVE PRACTICE,10610
25.0,GAMBLING,567
25.0,HOMICIDE,436
25.0,INTERFERENCE WITH PUBLIC OFFICER,1110
25.0,INTIMIDATION,209
25.0,KIDNAPPING,473
25.0,LIQUOR LAW VIOLATION,964
25.0,MOTOR VEHICLE THEFT,23625
25.0,NARCOTICS,36245
25.0,NON-CRIMINAL,4
25.0,OBSCENITY,24
25.0,OFFENSE INVOLVING CHILDREN,2642
25.0,OTHER NARCOTIC VIOLATION,8
25.0,OTHER OFFENSE,25141
25.0,PROSTITUTION,7692
25.0,PUBLIC INDECENCY,5
25.0,PUBLIC PEACE VIOLATION,2784
25.0,RITUALISM,3
25.0,ROBBERY,14294
25.0,SEX OFFENSE,1380
25.0,STALKING,122
25.0,THEFT,67185
25.0,WEAPONS VIOLATION,3774
